<?xml version="1.0"?>
<!--
  Licensed under the Apache License, Version 2.0 (the "License");
  you may not use this file except in compliance with the License.
  You may obtain a copy of the License at

    http://www.apache.org/licenses/LICENSE-2.0

  Unless required by applicable law or agreed to in writing, software
  distributed under the License is distributed on an "AS IS" BASIS,
  WITHOUT WARRANTIES OR CONDITIONS OF ANY KIND, either express or implied.
  See the License for the specific language governing permissions and
  limitations under the License. See accompanying LICENSE file.
-->
<configuration>

<!-- Site specific YARN configuration properties -->
  <property>
          <name>yarn.resourcemanager.hostname</name>
          <value>mi</value>
  </property>
  <!-- 配置外网只需要替换外网ip为真实ip，否则默认为 localhost:8088 -->
  <!-- <property>
          <name>yarn.resourcemanager.webapp.address</name>
          <value>外网ip:8088</value>
  </property> -->
</configuration>
